0,1
comment,851647
figures,459969
model,408950
field,277877
time,256679
data,255877
energy,253806
quantum,240485
theory,238250
paper,236777
study,221506
based,214349
system,206524
order,193111
mass,190418
state,190310
space,180987
high,180908
models,179240
large,175950
method,170777
well,167666
function,165360
number,163245
phase,161812
find,159474
systems,158221
problem,154654
case,149000
spin,147553
properties,144345
dimensional,143479
density,142956
structure,142753
magnetic,140594
states,137041
analysis,134193
low,132159
version,131340
approach,125637
temperature,122216
type,117776
observed,115439
general,114525
finite,114280
set,113998
distribution,112382
three,111056
result,110758
functions,107531
linear,104778
point,103539
equation,103345
group,101550
small,99625
accepted,99556
terms,99020
range,98403
parameters,97895
single,97566
form,97220
proposed,96610
algorithm,95819
equations,95612
potential,95290
local,94657
work,94204
scale,94090
ray,92343
solutions,90762
prove,90672
transition,90663
consider,90012
dynamics,89699
limit,87970
appear,87865
effects,87764
matter,87306
parameter,86914
provide,86897
gamma,86620
fields,85528
surface,85340
power,84449
methods,83704
rate,83701
conditions,83181
class,83002
galaxies,82748
standard,82721
process,82500
discuss,81900
numerical,81475
spectrum,81063
simple,80805
wave,80454
strong,80226
light,80226
solution,80053
physics,79702
star,79401
presented,78899
coupling,78781
stars,78586
level,78132
particle,78110
effective,77593
emission,77399
evolution,76869
interaction,76476
symmetry,76348
network,76058
classical,75869
matrix,75450
lattice,75430
experimental,75101
optical,74160
including,74014
electron,73866
current,73403
observations,73228
free,71994
simulations,71518
associated,71334
published,71272
random,71214
gauge,71204
values,71132
times,70494
second,69847
measurements,69825
investigate,69801
size,69799
propose,68508
critical,67515
corresponding,67363
studied,67013
complex,66395
alpha,66148
constant,65958
framework,65901
gas,65866
black,65728
higher,65693
formation,65609
physical,65242
region,64955
spectral,63831
scattering,63688
publication,63224
behavior,63047
experiments,62326
latex,62120
real,61907
long,61505
main,61100
particles,60856
interactions,60718
consistent,60480
bound,60363
boundary,60046
problems,59935
pi,59849
demonstrate,59325
source,59178
frequency,58329
dark,58272
approximation,58214
previous,58181
phys,57925
galaxy,57876
applications,57617
performance,57598
compared,57367
decay,57337
theoretical,57319
networks,56729
derived,56338
quark,55524
velocity,55325
discussed,55102
correlation,54693
scalar,54663
graph,54371
hole,53922
dependence,53916
sample,53830
allows,53799
lower,53602
submitted,53570
algebra,53513
spectra,53370
arxiv,53348
existence,53248
processes,53212
applied,53156
momentum,53123
presence,52889
mathbb,52787
derive,52594
considered,52547
cluster,52328
theorem,52302
probability,51940
flow,51668
initial,51500
features,51299
vector,51130
cases,51001
measure,50640
independent,50552
groups,50456
weak,50225
sources,50224
describe,50175
dependent,49967
ratio,49950
figure,49853
finally,49806
charge,49682
scheme,49622
fixed,49570
mu,49541
optimal,49533
structures,49363
stellar,49023
dynamical,48930
delta,48729
changes,48725
cross,48660
defined,48572
calculations,48357
lambda,47865
factor,47693
relation,47461
band,47074
algorithms,47050
invariant,46764
points,46757
total,46750
noise,46664
control,46521
induced,46370
operators,46355
flux,46265
constraints,46106
measured,45938
multi,45841
thermal,45760
extended,45750
neutrino,45597
production,45443
distance,45368
operator,45304
background,45123
corrections,45007
masses,44841
dimension,44839
theories,44761
topological,44586
sigma,44546
gravity,44303
called,44223
motion,44187
length,44111
generalized,44008
minor,43815
channel,43554
modes,43513
distributions,43452
radio,43117
corrected,43038
spaces,43017
text,43013
resolution,42992
signal,42949
gravitational,42877
positive,42866
nonlinear,42844
multiple,42778
symmetric,42667
exact,42610
detection,42598
error,42484
action,42393
rm,42382
component,42360
complete,42261
determine,42198
condition,42132
mechanism,42091
term,41948
photon,41905
coupled,41827
clusters,41805
plane,41789
techniques,41742
dimensions,41625
differential,41600
examples,41531
references,41514
spatial,41453
studies,41442
proceedings,41417
compact,41328
introduce,41088
agreement,41062
application,40997
example,40937
described,40933
disk,40922
full,40859
regime,40679
series,40616
special,40595
mode,40581
law,40550
expected,40494
addition,40290
technique,40193
report,40027
construct,39940
leads,39888
regions,39862
nuclear,39747
objects,39584
al,39510
arbitrary,39426
mathcal,39352
final,39189
representation,39105
review,39059
contribution,39051
respect,39037
global,39028
larger,39018
statistical,38962
fluctuations,38901
degree,38855
proof,38845
developed,38758
bar,38631
string,38627
central,38604
determined,38587
expansion,38552
geometry,38552
domain,38504
gev,38452
higgs,38427
role,38368
open,38331
estimate,38235
loop,38212
ii,38189
stable,38037
test,37990
specific,37974
direct,37944
account,37873
investigated,37772
ground,37770
measurement,37770
description,37704
simulation,37703
leading,37694
scaling,37630
sets,37626
novel,37572
graphs,37544
solar,37544
http,37540
beta,37477
massive,37462
cosmological,37448
short,37285
transport,37246
equilibrium,37235
tables,37156
qcd,37089
upper,37011
metric,36982
good,36916
entropy,36872
conference,36870
maximum,36746
journal,36745
continuous,36570
body,36442
generated,36407
heavy,36384
fundamental,36290
learning,36267
bounds,36264
introduced,36111
additional,36032
universe,35906
omega,35861
natural,35782
efficient,35718
stochastic,35602
energies,35477
radiation,35429
evidence,35338
calculated,35260
luminosity,35165
context,35147
asymptotic,35095
explicit,35011
relativistic,34915
components,34886
design,34812
average,34778
stability,34715
rev,34714
molecular,34700
pair,34688
compute,34684
close,34630
sequence,34617
discrete,34602
relative,34534
calculate,34529
binary,34500
gap,34493
sim,34383
neutron,34148
functional,33769
scales,33607
nature,33585
infinite,33584
correlations,33508
predictions,33392
rates,33243
future,33232
gaussian,33192
lines,33118
chiral,33088
formula,33060
elements,32941
variables,32912
search,32890
angular,32813
log,32580
analyze,32576
image,32514
closed,32461
tensor,32360
compare,32304
algebras,32280
polarization,32275
construction,32254
existing,32196
hamiltonian,32161
pm,32106
product,32029
normal,32010
change,31951
quasi,31823
galactic,31805
core,31708
minimal,31570
cosmic,31556
magnitude,31524
experiment,31271
redshift,31269
note,31224
performed,31209
population,31064
estimates,30952
key,30885
approaches,30648
fermi,30582
de,30576
comparison,30575
polynomial,30494
family,30474
basis,30451
types,30422
property,30417
su,30400
apply,30378
collisions,30369
article,30344
accuracy,30331
amplitude,30257
international,30117
develop,30097
survey,30020
complexity,29820
integral,29774
double,29751
diffusion,29730
growth,29501
wide,29426
conjecture,29370
bulk,29368
images,29364
edge,29361
numbers,29314
coefficients,29283
map,29221
waves,29119
resonance,29088
classes,29043
electronic,29006
material,28987
partial,28984
volume,28954
sum,28891
infrared,28825
best,28680
better,28642
negative,28548
convergence,28534
equivalent,28502
characteristic,28501
events,28412
lie,28323
pressure,28281
mixing,28266
lead,28233
relevant,28223
fraction,28196
improved,28109
statistics,28070
increase,28066
detected,28039
medium,27970
relations,27940
layer,27924
include,27878
shape,27812
periodic,27799
radius,27721
difference,27721
absorption,27675
phi,27591
response,27581
curves,27480
highly,27461
geometric,27411
curvature,27383
entanglement,27366
analytical,27359
reduced,27353
electric,27350
temperatures,27328
vacuum,27319
transfer,27311
provided,27309
connected,27252
extension,27239
strength,27213
code,27205
phases,27178
force,27156
efficiency,27139
limits,27096
tau,27080
einstein,27036
universal,27011
breaking,27008
variable,26943
bounded,26919
dust,26852
matrices,26819
dual,26802
transitions,26740
algebraic,26642
computational,26563
driven,26514
identify,26510
external,26445
hard,26363
electrons,26329
period,26287
revtex,26281
increasing,26219
smooth,26156
detailed,26132
atoms,26102
allow,26059
infty,26007
beam,25957
manifold,25937
calculation,25863
scenario,25772
required,25744
dynamic,25662
understanding,25624
feature,25619
depends,25596
decays,25584
exchange,25566
formalism,25501
generation,25474
rotation,25423
direction,25420
carlo,25420
monte,25416
maps,25396
typos,25394
pairs,25386
interacting,25354
angle,25350
produced,25254
atomic,25247
contrast,25206
jet,25185
extend,25175
holes,25161
deep,25148
charged,25120
analytic,25096
accretion,25085
smaller,25041
contributions,24999
input,24989
fluid,24971
classification,24952
perturbation,24933
modified,24925
fully,24880
factors,24831
orbital,24822
optimization,24799
chemical,24796
flat,24767
surfaces,24746
underlying,24736
transverse,24643
detector,24634
predicted,24603
constructed,24581
common,24508
procedure,24404
principle,24355
metal,24343
ring,24335
explain,24259
fact,24254
superconducting,24231
representations,24229
minimum,24148
literature,24145
step,24085
chain,24079
variety,24012
reduction,23906
liquid,23896
loss,23879
establish,23869
boson,23866
estimation,23819
proton,23812
dirac,23722
fast,23713
center,23685
included,23648
path,23636
continuum,23544
question,23527
distributed,23436
computing,23433
area,23426
parallel,23405
threshold,23364
years,23355
curve,23318
supersymmetric,23316
define,23289
peak,23261
focus,23187
active,23106
plasma,23097
orbit,23090
computation,23088
interest,23073
early,23072
apj,22983
coherent,22979
directly,22941
regular,22939
support,22888
object,22862
origin,22828
interesting,22811
possibility,22761
fe,22718
exhibit,22701
observation,22694
semi,22655
convex,22627
mathematical,22624
perform,22524
environment,22506
sufficient,22498
heat,22491
uniform,22466
samples,22443
forms,22404
individual,22390
color,22376
materials,22301
degrees,22269
increases,22244
channels,22213
impact,22173
radial,22154
graphene,22128
knowledge,22121
rank,22096
square,22093
connection,22078
communication,22047
accurate,22025
unique,21999
ion,21989
quality,21956
laser,21916
reference,21914
half,21895
identified,21797
measures,21777
manifolds,21739
behaviour,21684
errors,21607
overlap,21604
fit,21575
exists,21460
original,21432
top,21418
conformal,21390
tree,21389
analyzed,21292
combined,21250
explore,21249
explicitly,21244
soft,21223
nodes,21210
dispersion,21187
frac,21175
event,21174
exponential,21167
suitable,21159
cp,21121
abelian,21118
revised,21081
selection,21070
perturbative,21061
exist,21059
cm,21025
inverse,21006
codes,20999
lhc,20991
basic,20989
homogeneous,20924
tev,20891
leq,20877
influence,20871
includes,20818
appears,20764
pure,20728
equal,20712
systematic,20643
oscillations,20642
sqrt,20601
limited,20579
static,20562
cost,20548
target,20525
intermediate,20450
position,20411
user,20411
nuclei,20398
processing,20396
densities,20392
diagram,20352
solve,20346
requires,20306
vertex,20269
formulation,20262
combination,20232
left,20194
relaxation,20187
speed,20174
brane,20155
characterized,20144
polynomials,20127
telescope,20125
setting,20119
postscript,20054
table,20053
rho,20051
schemes,20022
mev,20019
nucleon,19991
levels,19911
typical,19844
couplings,19803
improve,19736
suggests,19735
sections,19729
electromagnetic,19728
robust,19664
notion,19632
configuration,19619
generalization,19587
spacetime,19553
sensitivity,19550
proved,19542
photons,19537
halo,19527
reported,19518
transmission,19488
interpretation,19482
precision,19468
assuming,19456
theta,19456
mnras,19398
produce,19390
width,19383
shell,19375
depending,19357
excitation,19355
talk,19348
cloud,19332
prediction,19323
numerically,19311
examine,19257
fermions,19253
achieved,19241
view,19237
interference,19219
uncertainty,19215
generic,19154
imaging,19143
characteristics,19130
profile,19100
conventional,19094
modeling,19093
science,19067
canonical,19062
variation,19031
hand,19029
correlated,19008
potentials,18997
trivial,18974
sense,18962
eta,18961
yields,18940
pattern,18940
observe,18902
sensitive,18871
expression,18858
concept,18839
computed,18836
renormalization,18825
element,18793
epsilon,18777
subset,18771
indicate,18760
experimentally,18758
propagation,18743
patterns,18722
transformation,18703
cell,18698
structural,18693
perturbations,18684
spectroscopy,18647
computer,18634
thin,18613
users,18609
established,18588
harmonic,18568
probe,18535
instability,18529
major,18487
earlier,18473
detail,18464
mathrm,18423
psi,18406
configurations,18395
approximate,18386
discussion,18386
development,18359
finding,18339
ratios,18326
implies,18321
argue,18319
tool,18314
distinct,18301
constraint,18288
implementation,18257
file,18253
involving,18231
gradient,18226
signals,18162
mechanics,18148
appropriate,18139
fermion,18048
assumption,18042
intrinsic,18024
phenomena,18013
maximal,18010
meson,17941
showing,17939
assumptions,17924
enhanced,17919
inner,17899
moment,17899
predict,17894
stationary,17891
singular,17888
achieve,17884
crystal,17860
amplitudes,17842
demonstrated,17842
reaction,17816
estimated,17801
neutral,17792
devices,17742
mechanisms,17721
memory,17670
workshop,17641
issue,17623
interface,17612
rise,17611
implications,17609
integer,17552
topology,17547
alternative,17524
differences,17455
completely,17435
coefficient,17363
broad,17320
exactly,17319
shift,17308
astrophysical,17292
frequencies,17195
rich,17171
vortex,17139
kinetic,17133
freedom,17131
considering,17125
correction,17119
variations,17113
depend,17100
characterize,17090
fractional,17085
intensity,17076
illustrate,17071
contact,17069
temporal,17054
internal,17050
orders,17027
content,17018
org,16985
scenarios,16916
solving,16913
eps,16913
dominated,16866
category,16839
decomposition,16826
vertices,16819
activity,16788
locally,16779
ideal,16763
axis,16727
dense,16707
gluon,16690
mechanical,16672
anti,16649
quadratic,16603
anisotropy,16592
formed,16592
separation,16583
expressions,16551
unit,16547
sector,16536
mixed,16532
lagrangian,16493
anomalous,16474
generally,16451
strategy,16449
consequence,16390
horizon,16384
profiles,16352
realistic,16319
third,16307
occurs,16285
observables,16274
hot,16246
ieee,16236
naturally,16220
kev,16214
embedded,16204
quantities,16202
capacity,16181
sequences,16178
selected,16164
describing,16130
polarized,16117
address,16092
social,16075
symmetries,16075
frame,16026
clustering,16007
atom,15999
geq,15986
language,15982
excitations,15979
neural,15971
letters,15932
hall,15925
hadron,15925
spherical,15902
generate,15847
flows,15843
radiative,15843
bias,15841
task,15812
asymmetry,15796
super,15794
reduce,15785
proper,15771
occur,15770
remains,15767
integrated,15760
usual,15748
moments,15744
dwarf,15716
inside,15681
neutrinos,15680
quarks,15675
disorder,15672
making,15652
lett,15634
weight,15622
array,15617
elastic,15612
updated,15608
detect,15605
flavor,15588
rule,15582
localized,15580
exhibits,15572
duality,15570
rules,15560
extra,15531
dipole,15507
amount,15494
au,15489
hilbert,15486
prime,15447
phenomenon,15443
evaluate,15433
layers,15432
feedback,15416
coulomb,15405
empirical,15403
observational,15264
comments,15244
require,15220
varying,15210
consists,15209
violation,15196
software,15144
weighted,15132
admin,15116
choice,15110
output,15082
art,15072
wind,15057
relationship,15039
agn,15035
uv,15034
weakly,15029
conclude,15010
water,15007
presents,14985
authors,14954
substantial,14939
tunneling,14934
describes,14923
link,14922
reveal,14890
inflation,14873
anisotropic,14840
shock,14829
characterization,14823
motivated,14800
practical,14743
yield,14716
rational,14714
author,14708
program,14693
domains,14691
needed,14689
sampling,14688
moduli,14680
wavelength,14673
sphere,14666
rotating,14654
cite,14648
cooling,14611
abundance,14588
molecules,14579
aim,14571
definition,14558
rays,14553
suggested,14539
depth,14512
edges,14501
excited,14491
markov,14489
kernel,14488
cavity,14486
providing,14477
primary,14469
qubit,14465
forward,14447
constants,14438
poisson,14420
bands,14418
tests,14396
elliptic,14367
precise,14367
orbits,14364
exponent,14346
generating,14338
equivalence,14333
machine,14331
correct,14329
ir,14321
applying,14292
odd,14278
cold,14243
treatment,14239
inequality,14235
evaluation,14216
distances,14207
phonon,14204
sky,14190
baryon,14177
site,14175
resolved,14167
side,14149
tools,14149
transform,14142
hyperbolic,14131
constrained,14129
aspects,14120
explained,14115
magnetization,14111
assumed,14104
resonant,14104
iii,14101
carried,14093
excess,14089
forming,14082
true,14063
simultaneously,13987
modules,13985
transformations,13952
attention,13924
quantitative,13920
age,13882
access,13837
thermodynamic,13835
hydrogen,13805
pulse,13772
confirm,13767
human,13765
allowing,13763
relativity,13732
collapse,13729
species,13710
solid,13703
allowed,13676
designed,13675
lepton,13651
matching,13638
ell,13632
help,13627
invariance,13615
conductivity,13610
deformation,13605
projective,13598
shear,13575
supersymmetry,13575
metallicity,13572
subject,13567
mapping,13524
moving,13496
starting,13495
essential,13492
pion,13465
landau,13464
crucial,13451
acceleration,13449
sparse,13441
splitting,13432
bf,13406
place,13397
ngc,13395
implemented,13391
ferromagnetic,13383
condensate,13377
giant,13376
parts,13353
arising,13351
diagrams,13330
host,13325
jets,13315
parity,13314
works,13313
base,13312
localization,13311
hybrid,13290
controlled,13275
young,13252
asymptotically,13240
fourier,13239
findings,13234
degenerate,13231
hypothesis,13214
branching,13195
nucleus,13195
unitary,13195
protocol,13191
bosons,13176
pre,13171
device,13148
comparable,13138
bayesian,13113
branes,13112
node,13079
red,13061
planar,13052
press,13043
slow,13028
white,13024
purpose,13017
interval,13011
play,12986
solved,12971
bose,12965
analytically,12962
yang,12961
sharp,12947
goal,12943
follow,12939
takes,12931
unknown,12929
resonances,12926
concentration,12912
picture,12869
uncertainties,12855
candidate,12824
families,12824
typically,12821
collective,12814
ordered,12812
ensemble,12803
variability,12780
dominant,12773
prior,12770
absence,12758
products,12743
idea,12738
affine,12736
cosmology,12717
cycle,12693
invariants,12684
sign,12636
lattices,12634
microscopic,12631
generalize,12629
narrow,12627
enables,12615
perfect,12599
cal,12597
lorentz,12589
detectors,12579
discovery,12577
understand,12566
earth,12564
determination,12559
clear,12546
wall,12542
joint,12539
orthogonal,12531
variational,12490
outer,12482
reconstruction,12480
corresponds,12456
singularities,12446
studying,12441
stress,12420
infinity,12419
spectroscopic,12357
satisfy,12344
euclidean,12339
discovered,12338
microwave,12334
holds,12328
enhancement,12322
planets,12316
comparing,12306
indicates,12301
formulas,12286
planck,12284
norm,12269
criterion,12265
greater,12235
dot,12223
spatially,12213
velocities,12203
forces,12189
hadronic,12185
simulated,12185
introduction,12182
operations,12177
supernova,12176
collider,12167
le,12158
steady,12155
online,12155
cohomology,12132
logic,12119
em,12116
singularity,12059
adaptive,12056
rightarrow,12050
extensions,12035
pseudo,12027
planet,12025
eigenvalues,12024
partition,12018
delay,11999
quantization,11994
math,11964
metrics,11958
combining,11955
disks,11949
nm,11949
unstable,11944
chains,11938
extensive,11917
traditional,11910
vanishing,11898
superconductivity,11895
game,11895
principles,11891
easily,11885
location,11877
difficult,11871
correspondence,11856
strategies,11850
caused,11823
ps,11805
evaluated,11781
candidates,11779
composition,11768
turn,11765
green,11758
oscillation,11710
collision,11679
training,11676
big,11662
proportional,11655
wireless,11646
films,11640
represent,11634
ordinary,11633
disc,11608
binding,11603
carbon,11600
stage,11590
regimes,11589
inference,11582
cells,11582
bright,11561
ions,11558
isotropic,11554
massless,11530
despite,11528
directions,11521
likelihood,11511
issues,11502
coherence,11484
vectors,11472
consisting,11470
technology,11467
mesons,11465
reveals,11428
turbulence,11424
details,11399
derivative,11377
electroweak,11360
operation,11337
increased,11332
approx,11330
integration,11322
clouds,11321
ev,11319
surveys,11306
deterministic,11299
valid,11292
efficiently,11270
valued,11269
astronomy,11267
observable,11261
investigation,11260
elementary,11250
astrophysics,11250
approximations,11244
combinatorial,11236
ge,11227
actions,11223
theoretically,11196
web,11191
integrable,11190
identification,11181
decrease,11171
interpreted,11166
expressed,11141
broken,11141
cmb,11110
variance,11090
weyl,11082
turns,11076
asymmetric,11055
sizes,11047
entire,11040
tested,11036
restricted,11031
powerful,11012
improvement,10998
insulator,10998
decreases,10991
tasks,10990
hidden,10990
photometric,10986
ghz,10965
programming,10957
cone,10950
abstract,10941
currently,10938
security,10930
populations,10925
block,10918
emph,10916
assume,10907
datasets,10904
located,10896
gain,10893
questions,10881
kind,10880
spins,10875
sn,10869
hierarchy,10862
kpc,10861
voltage,10845
post,10838
currents,10833
kappa,10832
absolute,10831
sites,10825
consequences,10816
reproduce,10810
compatible,10807
extremely,10799
decision,10797
inequalities,10789
employed,10786
extreme,10782
fitting,10764
irreducible,10755
chi,10722
call,10718
anomaly,10717
ordering,10711
capture,10692
late,10670
modulation,10664
constrain,10662
july,10657
symposium,10650
reach,10649
dissipation,10646
loops,10630
lowest,10625
si,10607
coding,10603
consistency,10597
superconductors,10591
arises,10588
realized,10586
testing,10584
arguments,10562
trace,10543
ultra,10540
pairing,10540
doping,10535
entangled,10534
conductance,10526
understood,10519
evolutionary,10508
analyses,10498
character,10437
binaries,10424
objective,10422
papers,10398
integrals,10394
antiferromagnetic,10358
match,10346
mills,10337
responsible,10337
chosen,10327
probabilistic,10316
tight,10315
dataset,10313
probabilities,10300
promising,10300
concerning,10298
nearby,10294
rotational,10288
torus,10280
theorems,10271
determining,10259
metallic,10255
secondary,10233
crystals,10229
reduces,10226
violating,10220
ads,10206
logarithmic,10206
regression,10204
circular,10199
estimator,10182
coordinates,10178
lensing,10175
laws,10171
essentially,10169
extends,10164
fine,10164
xi,10152
ising,10151
ab,10144
module,10142
column,10126
isolated,10126
abundances,10108
redshifts,10105
changed,10103
identical,10099
largest,10098
signature,10075
ability,10070
adiabatic,10062
extracted,10055
rapid,10054
rings,10044
parametric,10043
precisely,10036
proofs,10034
projection,10019
unified,10001
partially,9994
symplectic,9989
risk,9976
expectation,9954
pulsar,9946
coordinate,9938
spiral,9926
cubic,9923
riemannian,9913
doped,9909
pc,9894
trees,9892
categories,9881
strain,9875
fluctuation,9864
agents,9864
supergravity,9859
sty,9859
separated,9851
oscillator,9851
reflection,9846
paths,9837
connections,9834
bundle,9825
derivation,9825
links,9813
measuring,9810
singlet,9804
confidence,9789
strings,9782
suppressed,9778
analogous,9772
involves,9753
extract,9750
collected,9740
satisfies,9740
longer,9732
exponents,9727
composite,9717
inelastic,9714
superconductor,9711
ionization,9698
hubble,9697
modern,9672
history,9660
correspond,9660
commutative,9640
glass,9629
architecture,9621
radii,9597
grid,9591
pb,9583
phenomenological,9583
building,9574
requirements,9574
represented,9572
conclusions,9558
chaotic,9556
longitudinal,9554
scientific,9542
june,9533
limiting,9528
fermionic,9527
schr,9524
principal,9513
bursts,9494
barrier,9490
defects,9482
confirmed,9477
heisenberg,9471
faster,9457
criteria,9456
,9456
running,9439
theoretic,9428
mobile,9410
spontaneous,9378
virtual,9375
macroscopic,9366
media,9365
reactions,9355
explanation,9348
conservation,9344
turbulent,9343
brightness,9339
linearly,9335
formal,9331
nearest,9329
advantage,9324
changing,9321
heating,9315
mid,9314
answer,9303
cut,9300
sun,9297
parton,9288
film,9271
regularity,9265
examined,9253
realization,9233
similarity,9232
searches,9227
excellent,9208
charges,9202
signatures,9202
modification,9192
situation,9191
chern,9188
suggesting,9187
odot,9186
environments,9179
remain,9165
manner,9158
purely,9120
revealed,9109
steps,9095
concepts,9089
embedding,9079
homology,9070
impurity,9065
slope,9059
noncommutative,9052
dielectric,9052
introducing,9051
muon,9049
gate,9038
trajectories,9031
recognition,9018
confined,9017
involved,9016
newton,9014
peaks,9011
fusion,9011
confinement,9004
viscosity,9001
transient,8998
supported,8996
challenging,8989
affect,8968
pulses,8968
directed,8962
replaced,8947
created,8946
orientation,8945
sitter,8939
planetary,8939
extending,8936
bosonic,8936
driving,8908
closely,8908
thickness,8902
inter,8893
digital,8891
stronger,8888
diagonal,8873
wilson,8854
varieties,8853
sensor,8852
modular,8851
hydrodynamic,8838
clearly,8836
bi,8828
mathbf,8825
artificial,8819
satisfying,8819
improvements,8809
effectively,8803
cover,8802
weights,8800
diffraction,8794
ideas,8791
challenges,8787
community,8782
ways,8764
hierarchical,8762
boundaries,8760
uniformly,8751
branch,8750
project,8739
atmospheric,8737
progress,8730
argument,8726
indicating,8721
applicable,8719
highest,8719
qubits,8718
suppression,8717
preliminary,8714
brownian,8709
factorization,8694
angles,8692
fluxes,8664
lack,8662
annihilation,8660
dwarfs,8654
challenge,8654
rapidly,8651
plays,8637
preserving,8633
disordered,8633
riemann,8630
produces,8625
hold,8624
storage,8622
genus,8616
iron,8614
sm,8613
cycles,8611
validity,8604
communications,8601
derivatives,8594
inhomogeneous,8586
oxygen,8584
separate,8583
susceptibility,8583
days,8581
tuning,8578
interstellar,8571
areas,8568
twisted,8567
covering,8565
nontrivial,8547
deviation,8541
appendix,8536
euler,8531
covariant,8518
electrical,8515
methodology,8504
exponentially,8488
zeta,8476
grb,8472
analyzing,8464
subgroup,8463
instance,8446
agree,8435
trapped,8423
acoustic,8419
eigenvalue,8413
resources,8405
commonly,8394
soliton,8387
engineering,8379
conditional,8371
root,8369
great,8360
attractive,8356
modeled,8338
represents,8338
apparent,8314
list,8296
deviations,8294
predicts,8278
modelling,8277
formulated,8269
photometry,8267
counting,8263
year,8261
games,8249
filter,8228
mixture,8227
positions,8224
rest,8224
polar,8222
qualitative,8220
blue,8210
reliable,8207
built,8206
sl,8206
geometrical,8205
collection,8194
cyclic,8190
missing,8186
opposite,8169
dots,8167
simultaneous,8164
ac,8148
superfluid,8147
protocols,8140
filling,8125
computations,8116
satellite,8098
periods,8096
primordial,8090
mathfrak,8089
traffic,8088
ia,8077
identity,8069
composed,8068
covariance,8064
hubbard,8063
popular,8062
additionally,8051
written,8045
companion,8037
regularization,8033
constructing,8018
maxwell,8013
modifications,7998
build,7990
sensing,7979
appearance,7970
burst,7964
technical,7963
oriented,7955
employing,7951
damping,7950
accurately,7950
zone,7945
shifts,7944
imply,7942
cores,7942
vortices,7934
cdot,7932
service,7922
interplay,7916
resource,7904
supernovae,7890
finitely,7888
simply,7879
mpc,7875
implement,7867
split,7849
decreasing,7848
astronomical,7845
improves,7843
versions,7841
quasars,7841
market,7833
molecule,7832
pt,7828
walk,7828
relies,7823
front,7820
generators,7790
rare,7789
lifetime,7766
visual,7760
calculus,7759
admits,7752
enable,7736
uniqueness,7736
dm,7734
break,7730
halos,7724
switching,7723
university,7712
matches,7711
fits,7691
database,7687
beams,7678
crossover,7645
np,7643
treated,7639
employ,7637
focusing,7626
optics,7620
day,7612
video,7608
extent,7602
tidal,7602
diffuse,7596
la,7596
height,7595
thermodynamics,7592
analogue,7583
torsion,7571
independently,7569
inspired,7568
title,7553
intersection,7551
contained,7544
carrier,7539
biological,7532
holomorphic,7523
dirichlet,7521
bundles,7518
boltzmann,7513
majorana,7513
deformed,7511
pdf,7506
simplified,7500
synthetic,7496
inclusion,7493
life,7492
classify,7485
luminous,7478
substrate,7465
word,7458
stokes,7457
averaged,7445
diameter,7444
geometries,7440
effectiveness,7439
analyse,7431
illustrated,7428
face,7423
axial,7422
residual,7418
motions,7414
max,7388
wavelengths,7387
mirror,7383
perspective,7383
crossing,7379
agent,7378
ranging,7377
easy,7372
contribute,7366
situations,7365
recover,7364
september,7362
universality,7360
trap,7354
subspace,7348
observatory,7342
tail,7339
invited,7335
defect,7335
tension,7320
lengths,7319
cu,7319
extinction,7311
tilde,7304
silicon,7296
parabolic,7290
odinger,7279
setup,7273
capable,7267
robustness,7260
performing,7255
solitons,7254
tc,7245
perpendicular,7240
tex,7233
protein,7232
letter,7228
visible,7226
reasonable,7219
style,7218
additive,7214
explored,7212
imstat,7211
expanded,7203
li,7200
hopf,7200
thick,7197
exotic,7194
acting,7191
quantify,7191
shapes,7191
decoherence,7176
initially,7171
conversion,7164
advanced,7163
mn,7160
mathematics,7155
systematically,7155
conclusion,7147
inferred,7133
drift,7125
aims,7125
presentation,7124
institute,7123
alignment,7120
susy,7118
units,7110
calibration,7102
iterative,7083
estimators,7072
kinematic,7071
significance,7068
merger,7068
qualitatively,7067
newtonian,7066
synthesis,7058
box,7058
causal,7058
momenta,7048
collaboration,7046
dynamically,7043
bond,7041
generalizes,7037
fiber,7022
atmosphere,7018
cr,7013
poor,7004
bit,7002
association,7001
growing,7000
programs,6994
divergence,6993
strictly,6990
verify,6990
hat,6981
offer,6977
members,6973
holographic,6969
synchrotron,6964
junction,6963
integers,6952
cellular,6942
circuit,6938
morphology,6927
hermitian,6910
isomorphic,6909
benchmark,6909
formulate,6907
kerr,6903
onset,6897
optically,6883
lens,6875
practice,6862
carry,6860
mobility,6856
thesis,6855
extremal,6854
subsequent,6850
valence,6848
spread,6843
create,6842
files,6842
query,6831
obtaining,6827
tracking,6823
bandwidth,6823
successful,6802
advantages,6799
negligible,6796
estimating,6785
quantity,6779
propagating,6775
quasar,6775
homotopy,6772
inversion,6757
offers,6757
laboratory,6757
resistivity,6753
micron,6745
moderate,6740
vertical,6739
distortion,6739
reversal,6738
neighbor,6737
monitoring,6737
deformations,6728
semiconductor,6724
dissipative,6721
net,6714
translation,6710
distinguish,6700
dx,6697
projected,6689
interior,6682
globular,6680
remaining,6671
creation,6660
fragmentation,6659
resistance,6658
fock,6655
helium,6646
expanding,6637
triplet,6632
insight,6630
sound,6624
achieves,6615
differ,6615
relate,6608
nonlocal,6605
adjoint,6604
saturation,6602
degeneracy,6601
strengths,6594
condensation,6586
coverage,6577
compressed,6571
calculating,6567
compression,6561
doi,6558
deg,6556
inclusive,6556
management,6554
emphasis,6546
remarkable,6545
mm,6543
semiclassical,6542
sums,6536
consequently,6533
chandra,6532
price,6530
surrounding,6529
accelerated,6528
transactions,6528
check,6527
roughly,6525
polymer,6522
mag,6519
relevance,6518
representing,6516
quantized,6514
ansatz,6502
circ,6499
centre,6497
unchanged,6492
nonzero,6488
compton,6483
luminosities,6477
induce,6470
semantic,6466
raman,6463
photonic,6456
ultraviolet,6456
percolation,6450
grains,6449
behaviors,6446
arbitrarily,6440
twist,6439
klein,6429
extraction,6420
powers,6418
infinitely,6416
defining,6411
connectivity,6401
duration,6399
banach,6397
kondo,6392
pulsars,6386
colour,6378
consideration,6376
indices,6374
fractal,6373
physically,6371
grbs,6369
sequential,6369
kinematics,6365
faint,6362
contrary,6362
neumann,6358
adding,6348
envelope,6347
public,6345
identifying,6340
graded,6337
html,6321
eq,6320
reducing,6316
working,6314
balance,6312
bottom,6311
sdss,6308
comprehensive,6306
formulae,6301
geodesic,6295
yr,6286
bipartite,6284
advances,6283
circle,6283
policy,6282
cft,6261
conserved,6260
converges,6256
demonstrates,6255
computationally,6254
combine,6253
deal,6247
milky,6246
outflow,6229
room,6227
simeq,6226
sight,6223
settings,6222
decoding,6221
status,6220
blocks,6217
removed,6214
accessible,6208
induces,6201
textit,6193
variant,6192
quenched,6191
identities,6186
simulate,6181
widths,6177
telescopes,6175
receiver,6174
operating,6173
fractions,6172
insights,6169
rigorous,6167
recovery,6164
desired,6161
consistently,6158
viewed,6157
msun,6157
yukawa,6157
multiplicity,6147
rely,6142
structured,6138
screening,6133
proven,6131
intervals,6128
emergence,6127
colors,6116
timing,6112
gaps,6110
automatically,6109
interpret,6107
laplacian,6106
generates,6106
limitations,6105
air,6102
heterogeneous,6101
conduction,6100
detecting,6098
complementary,6096
supports,6094
trajectory,6092
majority,6089
spacetimes,6088
proposal,6088
spheres,6087
inflationary,6084
interfaces,6083
rigid,6076
minkowski,6075
dna,6075
instabilities,6073
van,6071
utility,6066
master,6059
remarkably,6050
throughput,6050
prd,6041
optimized,6032
counterpart,6016
compounds,6010
satisfied,6006
determines,6000
solvable,5992
simplest,5992
enhance,5991
preprint,5991
vicinity,5981
properly,5977
flexible,5976
strange,5976
emerging,5973
grain,5973
targets,5967
vary,5961
constructions,5958
walls,5953
actual,5951
dilaton,5945
wigner,5944
surprisingly,5938
expansions,5925
request,5922
sc,5921
bell,5917
complexes,5914
involve,5913
admit,5907
aa,5906
asymmetries,5903
schwarzschild,5899
format,5897
ns,5896
withdrawn,5894
considerably,5890
compound,5889
kinds,5884
developments,5875
noisy,5875
exploiting,5869
paradigm,5868
randomly,5863
exploit,5861
complicated,5860
learn,5851
subgroups,5848
developing,5848
society,5839
normalized,5837
emitted,5836
august,5833
procedures,5830
micro,5817
hadrons,5817
update,5814
arithmetic,5807
cdm,5803
relationships,5801
reviewed,5798
ergodic,5795
instrument,5795
baseline,5792
sensors,5791
sne,5790
fourth,5775
counterparts,5771
introduces,5769
subsets,5769
minimization,5758
josephson,5757
backgrounds,5757
conjectured,5753
varepsilon,5752
lying,5749
arrays,5747
analog,5736
coming,5734
simons,5734
allocation,5733
sr,5733
weaker,5728
hst,5728
curved,5726
epoch,5725
separable,5722
ranges,5722
mutual,5715
overview,5714
ionized,5711
producing,5710
bulge,5704
imaginary,5700
avoid,5699
figs,5697
shocks,5695
flavour,5689
squared,5688
competition,5678
supplementary,5677
unusual,5676
window,5671
iv,5668
assess,5666
peculiar,5665
achievable,5661
newly,5656
technologies,5656
fold,5651
microscopy,5647
applies,5643
min,5631
requirement,5631
junctions,5629
quantitatively,5609
shaped,5604
discrepancy,5603
start,5602
revision,5601
observing,5600
charm,5597
vanishes,5596
improving,5594
cern,5589
squares,5589
addressed,5588
reproduced,5584
display,5584
incident,5577
cutoff,5576
relay,5575
magnitudes,5570
triangular,5568
serve,5564
success,5558
evolving,5553
attributed,5549
feasible,5549
flare,5548
generator,5548
ph,5546
stages,5545
ricci,5533
greatly,5533
hopping,5511
bases,5507
considerable,5506
locations,5505
fb,5495
sharing,5491
multivariate,5490
lemma,5477
chaos,5477
baryons,5476
triple,5474
born,5472
distant,5472
combinations,5471
repulsive,5462
generalizations,5461
services,5460
packet,5454
lies,5449
languages,5447
comparisons,5447
ice,5446
jump,5445
occurrence,5445
spherically,5444
insulating,5443
governed,5433
fidelity,5430
jacobi,5426
protons,5425
fluids,5424
nn,5420
hamiltonians,5420
atlas,5416
diversity,5409
gauss,5407
helicity,5400
outperforms,5397
anomalies,5385
imposed,5377
agrees,5375
cs,5375
pole,5373
ambient,5362
tend,5361
viscous,5360
mott,5359
membrane,5356
mediated,5355
gradients,5350
message,5341
thought,5337
yau,5334
instances,5324
attempt,5321
crystalline,5319
ms,5318
trend,5317
converge,5315
automatic,5311
meeting,5310
smallest,5309
auxiliary,5307
notions,5306
ni,5306
backward,5304
fm,5296
modulus,5294
numerous,5292
brain,5286
individuals,5285
filtering,5285
platform,5284
condensed,5282
load,5279
conducted,5275
proving,5273
knots,5270
nonlinearity,5269
witten,5263
varies,5259
exciton,5250
snr,5241
bethe,5239
erg,5238
decaying,5236
handed,5233
knot,5232
focused,5227
adopted,5223
slowly,5222
functionals,5220
mhz,5220
casimir,5219
possess,5218
circuits,5217
bps,5207
quotient,5204
reproduces,5201
manuscript,5199
isomorphism,5198
analysed,5197
scanning,5194
horizontal,5191
privacy,5188
condensates,5185
pointed,5184
ball,5184
classified,5172
mergers,5172
investigations,5170
applicability,5170
evolve,5167
ensembles,5166
shorter,5165
rhic,5162
synchronization,5159
grows,5154
dc,5154
instanton,5151
overcome,5150
students,5148
camera,5146
move,5142
recombination,5141
monopole,5136
routing,5135
quasiparticle,5131
restriction,5122
ten,5117
stream,5115
gr,5109
european,5107
spanning,5107
marginal,5103
elliptical,5097
analogy,5095
feynman,5095
initio,5094
demand,5091
convolutional,5089
ln,5088
coarse,5084
qed,5084
march,5082
superposition,5079
verification,5079
diffusive,5075
characterizing,5068
leptons,5066
kernels,5065
drive,5057
infer,5036
frames,5032
bath,5031
internet,5027
hd,5023
hz,5022
walks,5022
cascade,5020
phenomenology,5020
mssm,5018
oscillators,5018
propagator,5017
shared,5017
friction,5016
gyr,5014
simpler,5009
topics,5006
iteration,5003
stat,5002
resolve,5000
prepared,4998
nonequilibrium,4995
deduce,4992
bubble,4991
hawking,4991
ideals,4990
nebula,4989
dedicated,4984
alternating,4983
bh,4983
antenna,4983
definite,4971
queries,4969
br,4968
verified,4968
release,4964
course,4958
mod,4955
linked,4954
reached,4953
gases,4953
lyapunov,4947
metals,4943
propto,4934
axion,4932
recovered,4929
emitting,4928
counts,4927
losses,4927
assembly,4927
capabilities,4925
semantics,4922
topologically,4921
supporting,4920
tuned,4915
acts,4913
explains,4911
reason,4909
closure,4909
calabi,4908
isospin,4907
fuzzy,4906
cauchy,4906
statistically,4900
aspect,4898
expectations,4894
appeared,4893
unification,4892
effort,4891
multiplicative,4883
catalog,4883
gates,4877
explosion,4869
trapping,4867
uuencoded,4866
reconstructed,4866
coincides,4866
covers,4864
centered,4861
competitive,4860
approximated,4854
planes,4852
share,4852
xmm,4850
segmentation,4849
mhd,4849
failure,4846
aligned,4844
combines,4839
colliders,4838
referee,4834
tevatron,4832
reliability,4830
hardware,4829
scheduling,4823
rapidity,4820
equivariant,4818
october,4797
perturbed,4796
april,4794
jhep,4791
versus,4790
intelligence,4789
topic,4789
occurring,4788
indirect,4787
trends,4779
argued,4776
consumption,4776
posterior,4774
globally,4774
standing,4772
nano,4769
fitted,4769
inputs,4767
convection,4759
achieving,4757
eventually,4756
probes,4754
displacement,4753
denote,4753
myr,4747
filters,4746
interferometer,4746
coronal,4738
variants,4736
gene,4736
secure,4733
held,4732
proximity,4732
doublet,4730
guarantees,4730
relating,4730
bodies,4716
independence,4715
requiring,4713
correctly,4708
received,4705
continuously,4704
realize,4702
mimo,4698
adapted,4697
soc,4694
ad,4690
toric,4685
coincide,4682
scatter,4681
package,4671
ages,4671
counter,4667
ch,4663
people,4662
starburst,4659
possibilities,4658
representative,4657
quadrupole,4653
meaning,4652
observer,4649
boolean,4644
encoding,4642
triangle,4640
highlight,4627
permutation,4626
latent,4622
feasibility,4618
complement,4615
utilizing,4613
posed,4609
dimensionality,4605
mission,4604
brown,4600
automata,4589
injection,4589
led,4589
proposes,4588
energetic,4588
remnant,4585
asymptotics,4575
concrete,4573
unitarity,4573
sheet,4571
considers,4567
italy,4566
generalizing,4566
flares,4562
pixel,4560
predictive,4558
interact,4557
emerges,4556
determinant,4553
transforms,4551
plain,4545
considerations,4544
impurities,4541
genetic,4539
prototype,4537
spacing,4536
treat,4535
emerge,4534
anderson,4533
semigroup,4529
equipped,4529
scattered,4528
priori,4527
sobolev,4521
minimize,4518
bifurcation,4511
restrictions,4511
centers,4510
forcing,4509
fig,4504
ensure,4504
false,4502
cool,4501
unity,4500
yielding,4497
neighborhood,4497
lightest,4497
lyman,4490
incorporating,4490
bits,4488
financial,4481
carriers,4479
maximally,4477
appearing,4472
select,4472
handle,4467
attacks,4465
minimizing,4462
choices,4460
vibrational,4456
int,4450
incorporate,4443
eds,4442
originally,4437
adic,4434
automorphism,4427
uniquely,4425
costs,4425
pairwise,4421
expect,4419
today,4412
retrieval,4412
nu,4411
choose,4410
separately,4409
zeros,4409
metastable,4401
unbounded,4396
truncated,4394
evolved,4393
laplace,4392
proc,4392
machines,4389
viable,4388
spinor,4386
straightforward,4383
continuity,4375
totally,4373
detectable,4372
chapter,4371
warm,4368
opens,4367
markovian,4367
interpolation,4367
positron,4364
mesh,4361
averaging,4356
inherent,4355
accounts,4352
statement,4348
percent,4347
hydrodynamics,4344
monotone,4343
document,4342
ast,4340
fisher,4337
recorded,4333
tensors,4333
inertial,4332
definitions,4330
diverse,4323
cooperative,4322
subspaces,4321
gl,4316
subsequently,4311
environmental,4310
pseudoscalar,4308
experience,4308
increasingly,4303
von,4303
track,4300
latest,4299
prominent,4288
clarify,4285
designs,4285
performs,4280
respective,4275
lipschitz,4273
lesssim,4271
guarantee,4271
devoted,4268
timescale,4268
gordon,4262
magneto,4260
mentioned,4260
oscillatory,4254
extragalactic,4254
trade,4253
architectures,4249
suited,4248
bernoulli,4248
merging,4248
insulators,4242
hep,4235
capability,4231
layered,4231
add,4231
torque,4230
instruments,4226
winds,4212
abridged,4211
ldots,4209
conjugate,4205
validate,4204
circumstellar,4199
azimuthal,4198
researchers,4193
couple,4193
escape,4191
outcome,4191
prl,4190
optimality,4190
accompanied,4189
galois,4188
difficulties,4188
decades,4187
phonons,4187
varphi,4186
outburst,4185
reports,4180
linearized,4180
granular,4179
interestingly,4179
bilayer,4175
vision,4174
controlling,4174
poincar,4174
filled,4174
implementations,4173
eigenstates,4171
discretization,4170
fall,4170
shifted,4170
ti,4160
otimes,4155
intense,4147
implying,4147
differs,4145
bcs,4144
sparsity,4142
transmit,4139
migration,4137
tube,4134
mild,4134
pump,4133
hausdorff,4131
measurable,4131
xy,4130
descriptions,4123
hartree,4123
breaks,4110
amounts,4103
wise,4100
benefits,4099
electrostatic,4099
grow,4098
seyfert,4094
bs,4094
navier,4092
count,4091
schwinger,4090
going,4079
entirely,4078
doppler,4077
renormalized,4073
modulated,4071
drop,4069
partitions,4065
attack,4058
wire,4057
cms,4056
recursive,4052
prospects,4049
corollary,4047
scalable,4045
orbifold,4045
players,4041
trained,4038
cylindrical,4035
planning,4031
exclusive,4025
drawn,4021
enabling,4021
sectors,4021
tunnel,4020
reasoning,4019
heuristic,4018
exceptional,4013
dominate,4011
deriving,4007
se,4006
grown,4006
liouville,3999
demonstrating,3992
spontaneously,3990
mining,3989
passive,3989
filaments,3989
adjacent,3985
fail,3980
exp,3977
outflows,3976
cognitive,3976
concentrations,3975
matched,3971
graphical,3969
electrodynamics,3967
timescales,3966
modify,3965
recurrent,3963
nematic,3956
integrability,3955
proteins,3953
mesoscopic,3951
sin,3950
oxide,3942
entries,3938
believed,3936
decoupling,3929
interested,3929
rr,3928
median,3927
efforts,3926
baryonic,3923
nilpotent,3923
detections,3923
upsilon,3922
piecewise,3921
bloch,3918
exceeds,3916
pronounced,3915
overline,3911
doubly,3911
characters,3908
grand,3907
fading,3904
ago,3904
algorithmic,3903
primitive,3899
randomized,3899
compactification,3899
reaches,3895
biased,3894
sp,3889
older,3889
parent,3888
express,3887
school,3887
ism,3886
dominates,3886
confirms,3885
concerned,3884
preferred,3881
scalars,3879
reaching,3879
competing,3877
chemistry,3873
evaluating,3871
division,3871
normalization,3868
annals,3864
wavelet,3863
claim,3862
deduced,3861
ahler,3854
investigating,3853
exhibiting,3851
responses,3849
covered,3848
amplification,3848
ghost,3847
sea,3847
completion,3847
nlo,3844
passing,3840
revisions,3837
encoded,3837
progenitor,3837
incorporated,3836
gibbs,3832
hii,3832
coexistence,3831
tangent,3830
resonator,3830
nucleation,3828
persistent,3827
accelerator,3826
paramagnetic,3825
incompressible,3822
broadening,3821
fails,3810
accreting,3810
orbitals,3807
automated,3806
preserve,3805
projections,3805
antennas,3805
regarded,3804
displays,3802
runs,3801
moves,3801
generically,3797
disjoint,3796
inclination,3792
predicting,3791
incomplete,3788
waveguide,3787
vanish,3787
extensively,3786
leptonic,3784
taylor,3781
exploration,3779
carefully,3775
agb,3770
eigenfunctions,3769
oscillating,3766
spreading,3757
gw,3751
dipolar,3751
lmc,3749
diamond,3748
reconstruct,3744
packets,3743
spitzer,3743
messages,3739
tunable,3738
killing,3737
read,3736
establishing,3734
uk,3732
implicit,3732
satellites,3731
convolution,3731
photo,3730
activities,3729
notes,3729
monolayer,3727
nonnegative,3727
axisymmetric,3725
optimize,3723
incorporates,3722
repulsion,3720
sized,3717
played,3716
contraction,3706
morphological,3706
avoiding,3702
relic,3700
deposition,3700
rf,3699
conducting,3699
scaled,3698
virial,3695
outline,3694
communities,3692
embeddings,3691
excluded,3682
transformed,3679
book,3679
recurrence,3679
packing,3678
assisted,3675
difficulty,3673
maximize,3670
designing,3669
connecting,3668
plasmas,3668
magnetoresistance,3664
dft,3660
conjectures,3660
liquids,3659
accounting,3658
intra,3657
modulo,3657
consensus,3655
sfr,3653
outcomes,3653
activation,3650
logical,3650
bec,3650
robot,3648
consist,3647
ongoing,3647
astro,3647
reflected,3647
trigger,3646
attached,3643
engine,3642
superior,3642
strict,3641
mapped,3641
evolves,3640
skew,3638
discontinuous,3635
belong,3633
union,3631
precession,3628
der,3628
distinguished,3627
reverse,3627
regularized,3624
mixtures,3623
clean,3623
collinear,3621
syst,3619
passage,3617
organic,3616
defines,3608
conservative,3608
captures,3607
hypotheses,3607
parameterized,3605
learned,3605
inflaton,3602
publications,3600
cap,3600
irregular,3590
gross,3586
simplicial,3582
vacua,3580
ultracold,3577
player,3576
emergent,3574
bridge,3572
absent,3570
balanced,3567
reflect,3565
completeness,3562
probed,3559
arc,3558
usage,3558
opening,3557
hyperfine,3553
focuses,3552
catalogue,3552
plausible,3551
fashion,3549
generalised,3548
cylinder,3547
shot,3546
lived,3546
decade,3546
dispersive,3545
referred,3544
summary,3543
ginzburg,3543
roots,3542
dramatically,3540
valley,3539
constitute,3539
supervised,3538
possesses,3535
adaptation,3535
worst,3534
return,3533
cancellation,3532
ejecta,3532
descent,3526
epsf,3525
centrality,3522
execution,3521
frequently,3521
label,3520
continuation,3520
usa,3517
sgr,3517
nanoparticles,3516
cl,3516
develops,3515
ic,3514
multiplication,3514
formulations,3514
magnetized,3513
geodesics,3513
corona,3510
discover,3507
answers,3506
realizations,3501
revisit,3501
controller,3500
nonperturbative,3498
november,3496
equilibria,3494
reversible,3493
captured,3492
disease,3489
ly,3488
policies,3488
functor,3484
reionization,3484
borel,3483
selective,3481
apart,3478
gaas,3475
stabilization,3473
drag,3471
south,3471
implementing,3469
december,3469
cavities,3469
neutralino,3469
swift,3468
rg,3466
reasons,3465
attempts,3463
addresses,3463
constituent,3463
successive,3460
economic,3458
intensities,3456
fr,3455
landscape,3454
helical,3453
creating,3451
era,3451
closer,3449
operational,3447
ga,3443
carrying,3443
prescribed,3441
gains,3441
toroidal,3441
deals,3439
contacts,3436
plasmon,3436
autonomous,3436
transmitted,3433
instantaneous,3432
refinement,3431
speech,3428
hypersurface,3426
colored,3424
route,3423
exploited,3422
magnetism,3420
classic,3417
ar,3417
ba,3416
gluons,3414
terminal,3414
conceptual,3412
named,3412
similarities,3410
typo,3410
breakdown,3410
belief,3410
bang,3406
surprising,3405
damped,3404
pass,3403
nucleosynthesis,3401
refined,3398
pions,3395
kepler,3394
sampled,3394
parametrization,3393
randomness,3389
aggregation,3388
preserves,3386
plate,3385
benefit,3384
arm,3383
cuprates,3382
write,3380
minima,3371
confining,3371
goldstone,3367
organization,3364
huge,3364
hours,3363
nucl,3361
modelled,3361
rayleigh,3360
concerns,3360
careful,3358
permutations,3355
behave,3352
nitrogen,3352
governing,3350
convective,3350
ne,3350
concentrated,3347
equality,3346
anisotropies,3344
attractor,3344
labels,3344
bubbles,3338
wmap,3335
foreground,3334
agns,3334
neurons,3334
motivation,3332
utilize,3325
divided,3324
shells,3319
rigidity,3318
dynamo,3318
discussions,3318
locality,3316
hamilton,3313
utilized,3312
multidimensional,3310
plateau,3310
barriers,3306
poles,3305
empty,3303
nanoscale,3303
mappings,3302
relates,3301
jointly,3300
valuable,3299
fault,3297
nambu,3296
volatility,3292
ftp,3291
arrival,3291
vec,3290
discs,3288
transit,3287
symbols,3285
manipulation,3284
countable,3284
preserved,3283
pauli,3281
sciences,3281
branches,3280
opportunity,3279
bilinear,3279
coloring,3275
absorbing,3275
exploring,3273
remove,3272
dependencies,3272
solver,3271
ends,3270
probing,3270
clumps,3268
controls,3267
directional,3266
di,3266
symbol,3262
divergences,3260
correlators,3259
assignment,3258
afterglow,3257
iib,3255
truncation,3254
ladder,3253
automorphisms,3249
bare,3247
reconnection,3246
undergo,3244
protected,3243
belongs,3241
algebraically,3240
equally,3239
facilitate,3239
stringent,3238
neighbors,3236
ds,3234
graviton,3233
firstly,3233
fairly,3233
solely,3231
norms,3231
sheaves,3231
equiv,3229
hypersurfaces,3228
assessment,3227
germany,3227
hydrodynamical,3225
flexibility,3223
depletion,3219
traces,3219
horizons,3217
photoemission,3217
volumes,3217
ks,3215
smoothing,3212
continue,3212
nucleons,3211
server,3210
train,3207
fragments,3206
inconsistent,3203
nmr,3202
rangle,3202
simplicity,3201
attraction,3201
dex,3201
spinning,3199
periodicity,3199
undergoes,3197
triggered,3195
biology,3191
validation,3189
pinning,3184
unprecedented,3182
overlapping,3181
varied,3178
ingredient,3177
abla,3176
tens,3173
chip,3171
formally,3170
adsorption,3168
dilute,3167
annealing,3167
isothermal,3165
tails,3165
importantly,3164
substrates,3162
classifier,3161
survival,3158
thresholds,3157
empirically,3155
choosing,3155
frobenius,3155
updates,3154
tomography,3153
guide,3153
topologies,3152
nodal,3150
rough,3149
spectrograph,3149
originating,3147
library,3147
exclusion,3147
adopt,3146
optimum,3145
analogues,3144
dimer,3143
tractable,3143
clock,3142
lecture,3141
maximization,3137
exterior,3136
searching,3135
hexagonal,3132
saddle,3132
jumps,3130
ionic,3127
proves,3125
segments,3125
remote,3124
flip,3123
unexpected,3120
kaluza,3118
emphasize,3114
staggered,3114
unbiased,3114
evaporation,3111
cooperation,3108
nl,3108
geometrically,3107
delayed,3102
prescription,3102
cnn,3101
remnants,3101
quiescent,3101
spot,3096
clarified,3095
spectrometer,3095
pulsed,3094
striking,3090
quenching,3089
pumping,3089
span,3087
separating,3083
explanations,3083
bending,3083
intuitive,3083
cartan,3080
langevin,3079
perfectly,3079
atmospheres,3078
wider,3077
reviews,3077
stored,3074
eccentricity,3073
kinetics,3073
broadband,3073
gg,3071
melting,3070
relaxed,3070
extracting,3068
ranking,3067
frustrated,3067
lifshitz,3065
integrating,3064
distortions,3063
hoc,3062
mc,3062
reynolds,3061
contamination,3059
attribute,3059
zeeman,3059
filament,3058
labeled,3056
diagonalization,3055
decisions,3055
ballistic,3055
denotes,3054
subseteq,3049
hbar,3048
monotonic,3047
behaves,3046
finds,3046
neutrons,3045
validated,3037
amorphous,3037
solids,3036
grained,3035
walker,3035
originate,3034
cooper,3033
facility,3032
fermilab,3029
fluctuating,3028
sterile,3027
leaves,3026
member,3026
transmitter,3024
supermassive,3023
kaon,3023
clarifications,3020
heterotic,3019
explaining,3017
resp,3014
bonds,3013
fixing,3012
prompt,3012
neighboring,3011
meaningful,3011
primes,3010
dephasing,3009
misprints,3008
conformally,3006
aimed,3005
pose,3004
sided,3003
solves,3001
shortest,2998
permits,2998
claims,2997
flavors,2993
arcsec,2992
secret,2990
fano,2990
conjunction,2989
fibers,2989
favor,2987
statistic,2986
streams,2984
commuting,2984
companions,2984
lateral,2983
substitution,2982
maintain,2981
smoothness,2974
ferroelectric,2974
nanotubes,2973
metallicities,2969
lorentzian,2965
stack,2965
copies,2965
tan,2963
belonging,2962
preparation,2962
summarize,2958
exceed,2956
extrapolation,2954
incoherent,2952
ag,2952
situ,2951
recoil,2951
quasiparticles,2945
items,2945
colloidal,2944
transparent,2942
decompositions,2940
uncertain,2940
medical,2940
intriguing,2939
springer,2938
cc,2938
delays,2934
superconformal,2934
microlensing,2934
national,2933
france,2932
exposure,2929
semiconductors,2925
texture,2924
gold,2923
ams,2922
te,2921
impossible,2921
alice,2920
monopoles,2920
shower,2919
streaming,2917
hysteresis,2917
brst,2916
goals,2914
millimeter,2914
speeds,2912
neglected,2912
assigned,2910
marked,2909
lifetimes,2908
isotopes,2907
instantons,2905
japan,2905
forbidden,2905
desirable,2903
shallow,2901
accelerating,2900
stabilized,2900
pn,2897
greedy,2896
indicated,2888
nonparametric,2887
ruled,2887
cuts,2886
nebulae,2886
magellanic,2884
codimension,2882
brightest,2882
station,2881
reservoir,2879
specification,2878
flight,2878
january,2877
maintaining,2875
indicators,2874
offset,2870
nash,2869
movement,2869
convenient,2869
textrm,2868
haloes,2867
quartic,2867
separations,2865
folding,2865
guaranteed,2862
naive,2859
coincidence,2856
contexts,2856
checking,2855
unresolved,2854
availability,2854
exposition,2854
hera,2852
hosts,2851
parametrized,2850
squeezed,2849
saturated,2845
cherenkov,2844
helps,2843
vapor,2842
wires,2842
cardinality,2842
electrodes,2841
round,2841
gpa,2841
interpretations,2840
submission,2839
statements,2837
projects,2834
magnetically,2833
semigroups,2832
gapless,2832
polymers,2831
pde,2827
viewpoint,2827
suppress,2826
historical,2826
databases,2825
interferometry,2824
nc,2822
intended,2821
positivity,2821
lagrange,2819
droplet,2816
forest,2816
superstring,2816
secondly,2815
langle,2813
steep,2812
propagate,2810
deeper,2810
infrastructure,2808
rms,2808
toy,2806
dim,2806
implied,2805
seed,2805
opportunities,2800
equivalently,2799
expensive,2799
interferometric,2798
kk,2796
demonstration,2794
gauged,2792
hodge,2791
blow,2791
keeping,2790
axes,2790
histories,2789
admissible,2789
proposals,2787
compactifications,2784
thermally,2783
straight,2782
cusp,2782
nested,2782
cls,2782
epochs,2781
suitably,2781
ionizing,2780
cones,2777
accounted,2776
originates,2775
freely,2774
aperture,2774
heavily,2774
organized,2774
criticality,2773
pl,2772
removal,2772
kolmogorov,2772
wavefunction,2772
coordination,2770
cancer,2769
operate,2768
suffer,2768
simulating,2766
rectangular,2765
incidence,2765
attributes,2765
insensitive,2764
suppose,2763
overhead,2761
assumes,2759
private,2758
performances,2758
appropriately,2757
fluorescence,2756
rashba,2754
crossed,2754
stock,2753
jupiter,2752
traveling,2752
ce,2752
absorbed,2750
mutually,2750
eddington,2749
irradiation,2749
exploits,2748
hecke,2747
notably,2747
collisional,2747
selecting,2746
dealing,2745
serves,2744
vorticity,2743
american,2743
kinematical,2742
diagnostic,2742
endowed,2741
pseudogap,2741
trans,2740
slight,2740
north,2740
publicly,2740
quantified,2740
rotations,2737
occupation,2737
augmented,2736
adopting,2734
computable,2733
hundreds,2733
deuteron,2732
revealing,2731
locus,2726
ckm,2724
meet,2722
jordan,2722
confirming,2722
severe,2721
annual,2718
convergent,2718
outperform,2716
influenced,2716
obey,2716
ingredients,2716
berry,2715
friedmann,2715
score,2712
sloan,2712
squeezing,2712
living,2711
textbf,2709
pricing,2709
connect,2708
diffractive,2706
outputs,2705
minimally,2704
gapped,2700
st,2696
gaseous,2696
adapt,2694
discusses,2693
hardness,2693
schur,2691
strip,2690
infinitesimal,2689
iterations,2687
manifest,2687
characterizations,2685
amenable,2682
aware,2678
balls,2677
exhibited,2676
peaked,2675
peer,2673
bring,2672
symbolic,2671
perspectives,2671
template,2667
correcting,2666
switch,2666
copy,2664
reasonably,2661
reflects,2660
optimally,2659
associative,2656
interactive,2654
tubes,2654
dramatic,2652
warped,2652
causality,2652
burning,2652
meta,2650
indicator,2649
february,2649
classically,2648
eff,2648
jones,2647
smart,2647
modal,2644
approaching,2644
averages,2644
chromatic,2643
polytope,2643
signs,2643
resolutions,2643
https,2642
influences,2641
imposing,2641
starts,2639
determinations,2639
monitor,2638
convexity,2638
dominance,2637
gut,2637
subjects,2636
options,2636
health,2635
returns,2634
lat,2632
iterated,2631
physica,2630
unconventional,2630
microns,2628
nova,2628
interfacial,2626
characterizes,2624
lost,2624
repeated,2623
establishes,2621
dictionary,2619
arrangement,2618
quiver,2617
optimizing,2616
reproducing,2615
hypergeometric,2614
divergent,2614
record,2614
prices,2613
compactness,2612
markets,2611
enabled,2611
familiar,2611
foundation,2611
sudden,2609
hyper,2608
safety,2607
phantom,2604
associate,2604
dimensionless,2603
schrodinger,2603
periodically,2603
bogoliubov,2603
obvious,2602
excitons,2601
vacancy,2599
gromov,2599
attenuation,2597
constructive,2597
gravitation,2596
subgraph,2595
dyson,2590
apjl,2589
persistence,2589
investigates,2589
presenting,2588
continued,2586
regge,2586
vlt,2586
recursion,2585
hardy,2585
slower,2584
released,2584
equals,2583
reality,2580
frameworks,2577
dependency,2577
calibrated,2576
arms,2575
quad,2570
chirality,2569
appendices,2569
porous,2568
acquired,2568
inertia,2568
wells,2567
treating,2564
tachyon,2564
ubiquitous,2563
suggestions,2560
proceeding,2559
broadcast,2559
um,2556
electronics,2556
brighter,2555
modest,2555
readout,2555
plates,2555
kink,2553
southern,2552
spite,2550
resonators,2548
subtraction,2548
aj,2547
roles,2546
pressures,2546
poincare,2544
gc,2544
tori,2540
faces,2540
contents,2539
archival,2538
plasmonic,2536
keywords,2536
approximating,2534
afm,2534
places,2534
rewritten,2534
scalability,2533
constraining,2533
magic,2532
employs,2531
divisor,2531
iras,2530
intrinsically,2529
imf,2528
compatibility,2527
orientations,2526
harmonics,2525
bl,2525
segment,2518
decoder,2518
eos,2517
supply,2513
sides,2510
kac,2509
reflecting,2509
lectures,2509
rigorously,2508
combinatorics,2507
cd,2507
nanowires,2505
qso,2505
prevent,2505
intergalactic,2504
heterogeneity,2504
vi,2503
isometry,2503
computers,2502
removing,2501
option,2499
giants,2498
sf,2498
english,2496
penetration,2495
enhances,2495
sed,2494
subalgebra,2493
smoothly,2492
nonrelativistic,2492
regard,2490
roll,2490
constitutes,2487
century,2487
mbox,2487
genes,2487
consecutive,2486
pointing,2486
raised,2484
af,2484
dissociation,2484
bessel,2482
rydberg,2479
dominating,2477
subsystems,2476
genuine,2476
sine,2476
platforms,2475
denoted,2475
strongest,2471
prb,2471
completed,2469
clifford,2469
evy,2466
drastically,2463
slip,2462
resummation,2462
receive,2461
facts,2459
reductions,2459
stripe,2458
contributes,2457
lep,2456
cdf,2454
encountered,2454
fabrication,2453
broader,2453
rs,2452
sheets,2450
seesaw,2448
ligo,2445
penalty,2445
purposes,2445
translational,2443
elasticity,2443
macro,2440
relying,2438
smc,2438
enriched,2437
nir,2436
arcs,2436
diffeomorphism,2435
luttinger,2434
stopping,2434
progenitors,2433
lte,2432
robots,2430
critically,2430
subjected,2428
claimed,2427
fabricated,2427
propagators,2426
psr,2426
multiplets,2426
transitive,2426
dispersions,2426
transparency,2423
cent,2423
mathematically,2423
aid,2422
maximizing,2422
powered,2421
pr,2420
posedness,2417
replica,2415
lasers,2412
compactified,2412
evaluations,2411
acquisition,2410
stations,2410
couples,2406
quench,2405
perturbatively,2405
opinion,2404
vehicle,2404
birth,2403
receivers,2402
impose,2402
muons,2400
tracks,2399
portion,2399
transferred,2398
wimp,2398
thz,2394
entities,2389
functors,2387
differentiable,2387
semisimple,2386
refer,2385
quotients,2384
attracted,2384
concentrate,2382
membranes,2382
boost,2380
interlayer,2379
conjugacy,2378
logarithm,2377
satisfactory,2376
visibility,2376
polytopes,2374
thousands,2374
famous,2374
biases,2373
frustration,2373
fragment,2372
head,2371
discrimination,2370
superpotential,2368
lithium,2367
synthesized,2366
opacity,2366
classifying,2364
thermoelectric,2363
stiffness,2363
compressible,2362
inhomogeneities,2362
bohm,2362
damage,2359
replacing,2358
intensive,2357
occurred,2356
gtrsim,2354
incorrect,2354
tropical,2353
debris,2353
deposited,2353
mutation,2352
board,2352
videos,2351
easier,2351
semileptonic,2349
glasses,2349
budget,2349
foundations,2349
accumulation,2349
fair,2348
moderately,2347
gaussianity,2346
magnon,2345
adequate,2345
facilities,2344
cpt,2344
sym,2343
business,2343
virgo,2343
diffeomorphisms,2341
comparative,2341
gravitating,2340
heavier,2336
alternatives,2336
unsupervised,2336
visualization,2335
conserving,2335
qsos,2335
entropic,2334
enrichment,2332
emissions,2332
rb,2331
brillouin,2330
eso,2329
residue,2329
colours,2325
pd,2324
ensures,2322
ultimately,2319
bootstrap,2319
slit,2318
hybridization,2318
subsystem,2318
benchmarks,2318
priors,2317
favorable,2317
ferromagnet,2316
schroedinger,2316
objectives,2316
creates,2315
concave,2315
traps,2314
compositions,2314
antiquark,2313
multiplier,2311
practically,2310
favored,2310
ij,2309
immersed,2306
integrate,2305
mathscr,2304
discrepancies,2304
dusty,2302
emitters,2301
serious,2301
china,2300
bars,2300
halpha,2300
ambiguity,2298
documents,2298
articles,2297
multiplet,2296
stated,2296
ap,2296
occupied,2295
induction,2294
exceeding,2293
drops,2293
inverted,2292
terrestrial,2291
partitioning,2290
maser,2290
binomial,2289
indication,2289
intersecting,2288
mach,2286
classifiers,2285
observers,2283
roughness,2283
appl,2283
aggregate,2282
traced,2281
substructure,2272
fewer,2271
cumulative,2271
orbiting,2269
violations,2268
cube,2268
deployment,2266
zn,2266
remarks,2266
absolutely,2264
entropies,2263
cohen,2262
absorbers,2261
supplemental,2260
holonomy,2259
travel,2257
harvmac,2257
antisymmetric,2256
equatorial,2256
paradox,2256
draw,2254
injected,2253
lasso,2253
decreased,2253
contributed,2252
freeze,2251
spirals,2250
waals,2248
climate,2248
things,2246
maxima,2246
colliding,2245
conduct,2245
flag,2244
exposed,2242
isometric,2242
spots,2242
dt,2241
mathsf,2240
linking,2240
addressing,2239
reactor,2236
advance,2236
quiet,2233
categorical,2233
multipole,2232
subtle,2231
scene,2231
photoproduction,2229
spacecraft,2229
nanostructures,2225
injective,2224
instrumental,2224
resolving,2223
middle,2222
sophisticated,2222
incoming,2222
opposed,2221
reddening,2221
origins,2220
thermalization,2218
intersections,2217
wavefunctions,2215
expand,2214
signaling,2213
alternatively,2212
solvent,2212
lebesgue,2211
started,2210
showers,2210
vehicles,2210
relational,2209
braid,2209
obstacle,2209
secrecy,2208
widetilde,2205
nanowire,2205
mo,2204
heated,2204
probable,2203
avoids,2203
grids,2203
discontinuity,2202
parties,2200
realizing,2199
gradually,2198
reliably,2197
planned,2197
limitation,2196
obscured,2194
guided,2194
conflict,2193
technological,2193
converted,2192
lot,2190
lp,2189
polyakov,2189
scan,2188
partly,2187
examining,2186
bianchi,2185
restoration,2185
admitting,2184
upcoming,2183
encode,2181
forthcoming,2180
morse,2180
phd,2180
thermodynamical,2179
decoupled,2178
distinguishing,2178
drives,2177
pulsation,2176
honeycomb,2175
death,2174
avoided,2174
doubling,2173
decomposed,2173
refractive,2171
db,2171
outlined,2171
monodromy,2170
chem,2170
violated,2169
fitness,2169
kahler,2169
solvers,2168
polarisation,2165
emerged,2165
latency,2164
cat,2164
submanifolds,2163
pa,2163
protection,2163
compressive,2161
mk,2161
marginally,2161
preference,2160
initiated,2160
team,2158
robertson,2158
exclude,2158
twin,2157
impacts,2155
iso,2153
deconfinement,2153
lhcb,2151
acceptable,2150
highlights,2149
dependences,2148
photospheric,2148
bracket,2147
accommodate,2147
cn,2145
discriminate,2143
perp,2143
schmidt,2143
delivery,2142
thomas,2142
tetragonal,2142
fokker,2141
shannon,2139
nb,2138
electrode,2136
seconds,2134
eigenvectors,2133
undergoing,2133
monotonicity,2132
handling,2131
computes,2131
months,2131
nanotube,2130
derivations,2130
timelike,2130
slopes,2129
genome,2129
discussing,2129
sentence,2129
row,2128
alloys,2128
strangeness,2124
rosat,2123
ep,2123
absorber,2123
epidemic,2121
constituents,2120
charmonium,2118
antiferromagnet,2118
oracle,2117
stacking,2117
quintessence,2117
multiscale,2115
ward,2114
blazars,2114
wiener,2112
fainter,2111
lda,2111
obtains,2111
conical,2110
ccd,2107
edited,2107
forced,2106
loading,2105
causing,2104
sz,2104
superspace,2103
resembles,2101
participants,2100
lab,2099
leaving,2098
answering,2097
pca,2097
reductive,2097
tradeoff,2096
acceptance,2095
countries,2095
poly,2094
secular,2094
hope,2091
cf,2090
destination,2090
utilizes,2090
patches,2088
recall,2087
clinical,2086
degradation,2085
skyrme,2085
dinger,2083
views,2081
differently,2081
preferences,2080
pipeline,2080
segregation,2078
vla,2078
survive,2077
membership,2076
plot,2075
epitaxial,2075
presently,2075
comprising,2075
pointwise,2074
paid,2074
replace,2074
spatio,2072
bayes,2070
gravitationally,2069
tr,2068
coalescence,2068
ee,2066
heterostructures,2066
pixels,2066
elucidate,2066
renormalizable,2065
jacobian,2064
leave,2064
gpu,2063
minimax,2063
toda,2063
person,2063
jcap,2061
fs,2060
crossings,2060
isotope,2059
lax,2057
proportion,2056
donor,2056
csi,2055
incommensurate,2053
turned,2052
patients,2052
brings,2052
en,2052
gcs,2051
bolometric,2050
generations,2048
virtually,2048
citation,2048
tendency,2048
columns,2046
frequent,2045
distorted,2045
identifies,2045
scope,2044
boundedness,2043
fission,2042
eliminate,2041
igm,2040
monotonically,2038
teleportation,2038
bonding,2036
falls,2036
acquire,2036
morphologies,2035
magnets,2034
industry,2034
skyrmion,2034
aging,2032
live,2031
octet,2031
lee,2030
cyclotron,2029
alphabet,2029
quadrature,2029
contributing,2028
restrict,2027
decide,2026
vibrations,2024
ann,2023
glassy,2022
baxter,2021
hydrostatic,2020
vlbi,2020
summer,2019
coxeter,2019
student,2019
multipliers,2016
transients,2015
hierarchies,2015
puzzle,2013
ew,2013
zhang,2013
stresses,2012
andreev,2012
surrounded,2011
networking,2009
summation,2009
vast,2009
intelligent,2008
care,2008
voids,2007
droplets,2007
wrong,2007
abs,2006
semidefinite,2005
carries,2003
contour,2002
searched,2000
tilted,2000
tilt,2000
virasoro,1999
cache,1999
salpeter,1999
simplify,1998
cdots,1998
exciting,1997
ill,1997
morphisms,1996
iia,1995
dis,1995
bp,1992
cooled,1992
generative,1992
void,1991
correlator,1988
parameterization,1987
ferromagnetism,1986
plots,1985
multipartite,1985
dp,1985
impedance,1984
sizable,1984
controllable,1984
deeply,1984
ejection,1983
millisecond,1983
mcmc,1983
cos,1981
eclipsing,1980
splittings,1980
latitude,1980
axioms,1978
northern,1977
promise,1974
cayley,1974
slab,1973
unambiguously,1973
homomorphism,1972
urban,1971
unpolarized,1971
party,1971
industrial,1971
multilayer,1970
tune,1970
advection,1969
oct,1968
wealth,1967
illustration,1966
sb,1965
aharonov,1964
lenses,1964
noether,1964
gravitino,1963
queue,1962
inhomogeneity,1962
curie,1962
tackle,1962
filtration,1961
finiteness,1961
cartesian,1960
invertible,1958
isotopic,1958
gluino,1958
twenty,1958
remained,1957
uncorrelated,1957
dicke,1956
activated,1956
conditioned,1954
truth,1953
oplus,1952
commercial,1951
mas,1950
dec,1950
interferometers,1950
notation,1948
cdw,1948
records,1947
infall,1946
bonnet,1946
lensed,1945
electrically,1945
elimination,1944
mismatch,1943
linearity,1943
bbb,1943
correctness,1942
martingale,1942
tissue,1942
implication,1941
polarizations,1940
patch,1940
astrometric,1939
reactive,1938
replacement,1938
belle,1937
campaign,1937
collapsing,1935
treatments,1935
divisors,1934
plastic,1932
mac,1931
decline,1929
photoionization,1928
positively,1927
recognized,1926
pub,1926
reinforcement,1926
submanifold,1925
item,1924
lift,1923
es,1923
spurious,1923
boron,1923
slice,1923
multiplicities,1922
trial,1920
dislocation,1919
displacements,1919
spirit,1919
dg,1917
evolutions,1917
drawing,1916
minutes,1914
copper,1914
adjusted,1914
ejected,1914
spike,1913
efficiencies,1913
stabilize,1912
clump,1912
automaton,1911
corpus,1910
concern,1910
triangles,1910
bremsstrahlung,1910
island,1910
checked,1909
distinctive,1909
coincident,1909
wd,1907
icecube,1907
attractors,1906
autocorrelation,1906
diquark,1905
demands,1905
dressed,1904
electro,1902
orientable,1901
illustrative,1901
cuprate,1901
wedge,1901
ru,1899
vacancies,1896
magnet,1896
frozen,1895
resistive,1895
disruption,1894
extrinsic,1893
herschel,1892
congruence,1891
asynchronous,1890
identically,1890
locked,1890
keplerian,1890
determinants,1888
processor,1887
unclear,1885
belt,1884
raw,1883
ss,1883
pathways,1883
chamber,1883
ultrafast,1883
pomeron,1882
fundamentally,1882
keck,1881
thorough,1880
failures,1880
undirected,1879
faraday,1879
accompanying,1878
waveguides,1877
gained,1877
generality,1876
humans,1875
bounce,1874
circumstances,1874
rabi,1873
galerkin,1873
labeling,1873
portfolio,1872
pdes,1870
eclipse,1870
trading,1870
continues,1870
hadamard,1869
regret,1869
spheroidal,1868
schwarz,1867
inducing,1866
tiny,1866
hypergraph,1865
processed,1865
winding,1865
blind,1865
oxides,1864
stratified,1864
potts,1864
tracing,1862
hop,1860
zigzag,1860
mat,1859
purity,1858
sps,1857
functionality,1857
shortened,1857
collaborative,1857
reciprocal,1854
logistic,1853
transportation,1852
echo,1852
deployed,1851
coded,1851
iau,1850
diagnostics,1850
sat,1849
ip,1849
store,1848
london,1848
traditionally,1847
fronts,1845
synchronous,1845
illumination,1844
brought,1842
nice,1841
recovering,1841
violate,1841
quaternionic,1841
alloy,1839
tm,1839
buffer,1838
explosions,1837
cme,1836
personal,1836
protoplanetary,1836
tracer,1835
waveforms,1835
characterised,1834
twitter,1834
lifting,1833
cosmologies,1833
accelerate,1833
lo,1832
graphite,1832
zones,1832
pieces,1831
resultant,1831
leakage,1830
seiberg,1829
radially,1828
tightly,1828
plan,1828
bc,1828
imperfect,1827
ct,1826
fibre,1824
assembled,1824
session,1824
regulation,1824
hr,1823
monomial,1822
generalisation,1822
smoothed,1821
clique,1820
polariton,1819
collaborations,1818
proposition,1817
scores,1816
submillimeter,1816
correlate,1815
itinerant,1815
mri,1814
dilepton,1812
ultimate,1812
capturing,1812
aiming,1812
termination,1811
outage,1810
stacked,1809
daily,1809
persists,1808
monoidal,1808
bipolar,1805
indications,1805
gorenstein,1805
specifications,1805
speculate,1804
bounding,1804
lag,1803
blocking,1802
asset,1801
morphism,1801
analogs,1800
exception,1799
stretching,1797
spacelike,1796
nominal,1794
closest,1794
apparatus,1794
sci,1794
transiting,1794
qos,1793
unambiguous,1793
icm,1791
wang,1791
sentences,1791
microscope,1790
exit,1790
aip,1787
gaugino,1787
rooted,1786
severely,1785
uniaxial,1785
voltages,1784
reheating,1783
obeys,1783
auto,1783
templates,1783
conductor,1781
mimic,1779
conf,1779
sliding,1779
remark,1778
fwhm,1778
wormhole,1778
mp,1775
stimulated,1774
acyclic,1774
valuation,1774
distinction,1774
artifacts,1773
capillary,1773
aforementioned,1773
bin,1773
outgoing,1772
leverage,1772
ramsey,1770
proceed,1770
reminiscent,1770
disappears,1769
bag,1769
converse,1768
missions,1767
pilot,1767
cup,1767
arcmin,1767
associations,1767
enter,1766
sic,1765
concurrent,1765
catalogs,1765
chance,1764
diverges,1762
modifying,1761
beamforming,1761
spinors,1761
enhancements,1761
attained,1761
analysing,1760
operatorname,1759
islands,1758
universes,1757
lighter,1756
md,1756
photosphere,1756
arrive,1755
journals,1755
tt,1753
bins,1753
hull,1753
linewidth,1753
indexed,1752
lagrangians,1752
irreversible,1752
targeted,1752
bragg,1751
enhancing,1751
assessed,1749
grothendieck,1749
photoluminescence,1749
isi,1748
google,1746
coset,1746
charging,1746
nonlocality,1745
kt,1744
subclass,1744
motor,1744
heart,1744
interpreting,1743
sunspot,1743
systematics,1743
spain,1741
perovskite,1741
individually,1740
adds,1740
conversely,1740
domination,1740
city,1740
tangential,1737
expert,1735
babar,1735
hooft,1733
eccentric,1733
eur,1732
tolerant,1732
abell,1730
runtime,1729
outliers,1729
facilitates,1727
indicative,1726
alter,1725
mjy,1723
alma,1723
outbursts,1723
anonymous,1723
manifestation,1722
khz,1720
collisionless,1720
turing,1720
alternate,1718
unital,1717
downlink,1716
recovers,1715
ensuring,1715
mw,1714
paris,1714
rising,1713
stacks,1712
des,1711
elongated,1711
stm,1710
yan,1709
comprises,1708
tailored,1707
concluded,1706
foliation,1705
characterise,1704
windows,1704
rgb,1704
subgraphs,1703
maintained,1702
nonlinearities,1701
seek,1701
tolerance,1701
commensurate,1700
fir,1700
writing,1700
invisible,1700
monitored,1699
eu,1699
hermite,1698
quantifying,1698
acs,1698
summarized,1697
complements,1697
discretized,1696
pg,1695
stark,1694
arrangements,1693
congestion,1693
cast,1693
polaron,1693
decentralized,1692
constrains,1692
efficacy,1692
experienced,1691
grating,1691
modifies,1690
permanent,1690
helmholtz,1690
abstraction,1689
byproduct,1689
education,1688
illustrates,1688
focal,1688
redundancy,1687
supplement,1687
negatively,1686
tower,1686
leptogenesis,1685
dipoles,1685
modulations,1685
mini,1685
comoving,1685
lisa,1685
sheaf,1684
loud,1684
clustered,1684
squark,1684
excitonic,1683
incremental,1682
homogeneity,1681
om,1681
cpu,1680
supercritical,1678
seismic,1677
corrects,1677
suppresses,1677
falling,1676
cryptography,1676
blockade,1673
scientists,1672
pitaevskii,1672
turning,1672
reducible,1671
irrespective,1671
rxte,1670
pulsations,1670
mock,1670
piece,1670
crust,1669
minimizes,1668
helpful,1668
proceeds,1668
inductive,1667
destruction,1667
partons,1667
archive,1667
waveform,1666
tracers,1666
monochromatic,1666
encryption,1666
depths,1666
rna,1666
da,1665
isometries,1665
popularity,1665
ranged,1664
monoid,1661
solitary,1660
seds,1660
superalgebra,1659
supplemented,1659
offered,1657
dose,1656
homological,1656
spring,1655
permit,1655
sep,1655
termed,1654
multiplexing,1653
ho,1653
enumeration,1652
sort,1652
erd,1650
orbifolds,1650
groupoid,1649
evident,1648
screened,1647
obstacles,1647
flaring,1647
subalgebras,1647
stein,1646
caching,1646
processors,1645
builds,1644
mix,1643
teller,1643
nov,1643
er,1642
aggregates,1641
worked,1640
feshbach,1640
transistor,1640
collect,1639
neighbour,1638
news,1638
susceptible,1638
epsfig,1636
signed,1636
mit,1634
vibration,1634
poland,1634
proto,1633
reissner,1633
entering,1631
ellipticals,1631
manifestly,1630
salt,1629
poses,1629
frw,1627
india,1625
hypothetical,1625
divide,1625
waiting,1624
reflections,1623
corner,1623
setminus,1623
harder,1622
insufficient,1621
ridge,1621
indistinguishable,1621
disconnected,1621
tunnelling,1620
triangulation,1619
obstruction,1619
possessing,1619
ra,1619
simulator,1618
imbalance,1618
bob,1618
nets,1617
compares,1617
necessity,1617
picard,1616
gaia,1616
abrupt,1615
shaping,1615
recommendation,1615
steeper,1615
default,1614
nv,1613
asteroids,1613
floquet,1612
blackbody,1610
macros,1610
chinese,1610
crucially,1609
magnetosphere,1607
intermittent,1607
authentication,1606
hom,1606
underdoped,1605
adversarial,1604
bijection,1604
convert,1604
masers,1604
multifractal,1603
enlarged,1603
betti,1603
randall,1603
heuristics,1602
lcdm,1602
exchanges,1601
accomplished,1601
experts,1601
terahertz,1600
degeneracies,1600
stratification,1600
transfers,1600
trigonometric,1598
accreted,1595
controllers,1595
heights,1594
diffusivity,1594
originated,1593
textures,1593
forecasting,1592
surely,1592
sensitivities,1592
mathematica,1592
operates,1591
floer,1590
synchronized,1590
tb,1589
merge,1589
lf,1589
entity,1589
lobe,1589
diphoton,1588
qgp,1588
irrelevant,1588
ignored,1587
el,1587
zz,1587
drell,1586
isolation,1586
erasure,1585
bulges,1585
refine,1585
viewing,1584
encoder,1584
neighbourhood,1584
standards,1583
tagging,1583
partners,1582
bispectrum,1582
exclusively,1581
differentiation,1581
xx,1581
explores,1581
eliminated,1579
precursor,1579
covariates,1578
reservoirs,1578
elegant,1577
envelopes,1575
blazar,1575
cohomological,1575
debye,1574
logics,1573
unable,1573
curvatures,1572
safe,1572
patient,1572
ls,1572
disturbance,1572
instrumentation,1570
york,1570
antiproton,1570
snrs,1570
ternary,1570
chromodynamics,1570
sd,1569
arpes,1569
sectional,1568
neutrinoless,1568
stretched,1568
acm,1568
characterisation,1567
radical,1567
reward,1567
deflection,1567
pore,1567
widespread,1565
diseases,1564
resemble,1564
utilization,1563
filtered,1563
weil,1563
suite,1563
dip,1563
artin,1563
pictures,1561
circulation,1561
ilc,1560
kohn,1560
eulerian,1559
specialized,1557
fp,1556
join,1555
stabilizing,1555
supposed,1555
balancing,1555
mutations,1555
manifests,1553
translations,1551
penrose,1551
bad,1551
wr,1550
ellipticity,1550
orthogonality,1549
matroid,1549
deceleration,1549
placement,1548
protostellar,1548
centralized,1547
contemporary,1546
ontology,1546
controllability,1545
asteroid,1544
duplex,1543
learns,1543
passes,1543
emphasized,1543
adjacency,1541
interpolating,1541
inherently,1541
engines,1539
discriminant,1539
ergodicity,1539
cbs,1538
sept,1537
magnetohydrodynamic,1536
femtosecond,1536
unphysical,1536
albeit,1535
transversal,1535
qkd,1535
ci,1535
sundrum,1535
elaborate,1534
irradiated,1532
quantification,1532
disturbances,1531
deuterium,1531
road,1531
harvesting,1530
reversed,1528
grassmannian,1528
discriminative,1527
unifying,1527
discoveries,1527
car,1526
separability,1526
infection,1524
vhe,1523
discord,1523
suggestion,1523
noetherian,1522
isotropy,1522
toeplitz,1522
forecast,1522
epr,1522
wolf,1521
battery,1520
silicate,1520
optomechanical,1519
dof,1519
payoff,1519
diagrammatic,1518
lobes,1518
skyrmions,1518
redundant,1518
beneficial,1518
lya,1517
vlasov,1517
versa,1517
explorer,1515
deficit,1513
asked,1513
spaced,1512
gravitons,1512
collections,1512
unconstrained,1512
doublets,1511
bao,1511
whilst,1510
magnification,1510
kdv,1510
anharmonic,1509
bump,1509
calls,1509
exoplanets,1508
vital,1508
hypergraphs,1508
balmer,1507
logarithms,1507
charmed,1507
cyg,1506
additions,1506
imaged,1506
bn,1506
jamming,1505
vice,1505
accumulated,1503
debate,1503
riesz,1502
hf,1502
finsler,1501
